{"cameraMode":{"drawMode":0,"name":"Shaded","section":"Shading Mode"},"sceneLighting":true,"audioPlay":false,"sceneViewState":{"showFog":true,"showMaterialUpdate":false,"showSkybox":true,"showFlares":true,"showImageEffects":true,"showParticleSystems":true,"showVisualEffectGraphs":true,"m_FxEnabled":true},"in2DMode":false,"pivot":{"x":-0.7396693825721741,"y":-0.7415969967842102,"z":-3.2248122692108156},"rotation":{"x":0.16063326597213746,"y":0.5005460977554321,"z":-0.09516138583421707,"w":0.8453198671340942},"size":1.9759924411773682,"orthographic":false}